Rank,Company Name,Revenue,% Change,Net Operating Income,% Change,Profit,% Change,Assets,% Change,Net Worth,% Change,Equity Dividend,% Change,Employee Cost,% Change
1,Indian Oil Corporation,"3,74,914.69",8.27,"3,55,310.11",2.68,"19,849.49",65.1,"1,91,501.09",12.13,"1,02,096.10",13.47,"8,531.08",,"10,204.02",36.02
2,Reliance Industries,"3,19,935.00",12.76,"3,05,382.00",11.45,"29,901.00",0.52,"4,95,479.00",14.4,"2,62,839.00",13.92,0,,"8,388.00",13.24
3,State Bank of India,"2,98,640.45",9.21,"2,30,447.49",4.45,241.23,-98.03,"32,56,646.62",13.05,"1,81,598.27",1.33,"2,108.56",,"35,691.21",9.73
4,Tata Motors,"2,79,029.14",1.52,"2,69,692.51",-1.23,"7,454.36",-35.62,"1,74,925.64",0.26,"58,061.89",-26.46,0,,"28,332.89",-1.9
5,Rajesh Exports,"2,42,179.13",46.58,"2,42,131.98",46.59,"1,243.63",16.34,"11,802.91",19.37,"5,635.24",28.33,0,,156.9,38.9
6,Bharat Petroleum,"2,10,074.18",11.47,"2,01,250.66",7.15,"9,506.97",17.53,"70,145.34",28.36,"30,819.75",10.89,"4,837.58",,"3,669.08",23.87
7,Hindustan Petroleum,"1,95,558.78",8.72,"1,87,426.25",5.35,"8,235.82",76.18,"54,405.71",12.37,"21,071.43",26.45,0,,"2,969.35",26.93
8,Oil & Natural Gas Corp,"1,36,822.36",3.4,"1,25,784.61",1.38,"20,497.87",59.2,"3,07,074.78",14.5,"2,21,189.48",11.82,0,,"12,146.62",31.6
9,Coal India,"1,26,214.69",12.22,"1,19,460.94",13.68,"9,265.98",-35.05,"76,566.59",-7.09,"24,526.78",-29.59,"12,352.76",,"33,514.29",11.24
10,Tata Consultancy Services,"1,22,187.00",9.36,"1,17,966.00",8.58,"26,289.00",8.32,"88,039.00",20.79,"86,214.00",21.31,"9,162.00",,"61,621.00",11.33
11,Tata Steel,"1,17,481.24",17.03,"1,12,299.42",10.14,"-4,240.80",0,"1,31,954.33",-3.86,"35,544.32",-14.26,0,,"17,252.22",-1.91
12,ICICI Bank,"1,13,397.63",11.84,"60,939.98",2.78,"10,188.38",0.08,"9,25,868.76",6.92,"1,01,566.88",11.25,"1,456.00",,"7,893.26",14.19
13,Larsen & Toubro,"1,10,750.25",7.91,"1,09,311.81",8.1,"5,899.27",37.81,"1,48,646.45",9.33,"50,216.52",13.66,0,,"13,853.07",3.92
14,Hindalco Industries,"1,04,237.65",4.27,"1,00,183.78",0.14,"1,899.74","4,139.54","1,12,544.67",-1.68,"46,058.80",19.9,0,,"8,546.01",3.46
15,Bharti Airtel,"99,662.80",-3.4,"95,468.30",-1.1,"3,799.80",-37.47,"1,86,886.90",5.47,"67,456.30",1.03,654.3,,"4,303.20",-12.37
16,HDFC Bank,"86,148.98",15.83,"73,271.35",16.01,"15,253.03",19.15,"8,33,635.28",15.13,"91,793.95",23.54,"3,392.71",,"8,504.70",34.86
17,Mahindra & Mahindra,"85,863.49",10.51,"83,773.05",10.46,"3,698.04",17.46,"91,794.88",14.02,"25,669.56",-10.27,0,,"8,910.63",15.88
18,NTPC,"83,819.17",12.12,"82,080.82",11.79,"10,719.64",-0.75,"2,18,156.32",10.13,"97,838.02",6.84,"2,152.07",,"5,675.81",20.91
19,Vedanta,"78,034.61",14.11,"72,225.03",12.39,"5,512.21",0,"1,55,584.54",-0.29,"60,424.86",37.21,"7,091.81",,"2,339.34",-10.24
20,Infosys,"71,534.00",9.11,"68,484.00",9.68,"14,353.00",6.41,"69,135.00",11.76,"68,982.00",11.72,"5,915.00",,"37,659.00",9.45
21,Maruti Suzuki India,"70,926.70",19.84,"68,085.00",18.23,"7,511.00",36.63,"38,701.50",22.15,"37,075.10",21.1,0,,"2,360.30",18
22,Essar Oil,"65,887.26",21.65,"60,869.05",15.73,"-1,202.89",0,"46,212.53",-10.16,"19,054.76",165.55,0,,421.7,32.06
23,HDFC,"61,087.63",14.7,"61,034.35",14.68,"11,051.12",8.45,"4,36,968.03",18.66,"60,059.31",18.06,476.13,,913.02,15.84
24,Wipro,"57,854.00",7.02,"55,448.40",8.2,"8,493.10",-4.66,"67,655.80",11.93,"51,670.20",11.97,873.4,,"26,808.10",9.18
25,Axis Bank,"57,596.69",12.13,"45,175.09",9.09,"3,953.03",-52.66,"5,83,879.09",11.06,"56,380.35",5.27,"1,403.99",,"4,742.10",17.98
26,JSW Steel,"57,242.64",41.83,"55,604.59",33.84,"3,523.12",0,"66,374.23",7.2,"22,647.63",19.42,0,,"1,699.59",11.91
27,Punjab National Bank,"57,225.66",0.57,"48,058.08",-5.4,"1,187.24",0,"7,16,932.36",3.22,"39,357.56",1.02,6.91,,"5,482.33",-16.49
28,Bank of Baroda,"52,410.23",1.2,"44,473.45",-2.89,"1,814.98",0,"6,91,798.97",4.31,"43,067.57",1.33,332.79,,"4,888.66",-6.01
29,GAIL (India),"49,748.08",-5.05,"48,572.01",-6.69,"3,368.16",80.19,"47,460.69",0.48,"39,304.89",7.97,"1,078.21",,"1,286.65",30.27
30,Canara Bank,"49,486.11",0.37,"41,456.66",-5.86,"1,358.28",0,"5,70,041.57",5.65,"29,312.25",8.7,0,,"4,962.79",10.54
31,HCL Technologies,"48,654.05",13.62,"47,567.53",14.58,"8,606.33",15.21,"34,633.84",15.97,"32,949.85",20.3,"3,386.11",,"22,866.18",12.8
32,Bank of India,"46,404.68",1.4,"39,585.23",-5.96,"-1,470.09",0,"6,15,553.77",2.55,"27,885.48",2,0,,"5,449.06",0.84
33,MRPL,"46,119.33",15.9,"43,766.53",10.16,"3,472.64",321.59,"25,418.21",20.89,"9,502.23",57.48,0,,390.29,20.9
34,Steel Authority of India,"44,735.71",15.46,"44,209.65",13.96,"-2,756.17",0,"83,558.90",4.11,"37,042.26",-7.74,0,,"9,180.52",-5.63
35,ITC,"43,978.54",7.46,"42,803.61",9.21,"10,289.44",10.11,"46,970.81",8.7,"46,412.93",8.75,"6,840.12",,"3,631.73",5.54
36,Vodafone India,"43,095.00",-0.6,"42,956.00",-0.49,"11,784.00",-10.15,0,0,0,0,0,,0,0
37,Motherson Sumi Systems,"42,829.60",14.59,"42,493.40",14.18,"1,554.30",20.27,"21,466.30",73.53,"8,272.70",88.14,0,,"8,090.90",13.04
38,Union Bank of India,"38,246.97",5.51,"32,816.98",1.55,572.64,-57.78,"4,45,024.84",11.87,"21,655.28",5.81,0,,"3,509.40",-6.86
39,Grasim Industries,"36,983.83",4.55,"36,068.40",4.58,"3,167.30",28.33,"50,750.60",3.47,"31,386.81",14.43,0,,"2,265.59",6.47
40,Idea Cellular,"36,304.50",-0.76,"35,575.74",-1.04,-399.7,0,"81,701.26",21.54,"24,732.25",5.02,0,,"1,797.65",11.53
41,Kotak Mahindra Bank,"33,983.77",21.23,"22,324.21",9.42,"4,940.43",42.83,"2,62,989.92",15.05,"38,492.71",15.37,110,,"3,982.31",3.33
42,Hindustan Unilever,"33,685.00",3.24,"33,162.00",3.03,"4,490.00",8.17,"8,269.00",4.63,"6,744.00",2.6,"3,571.00",,"1,743.00",3.75
43,Sun Pharmaceuticals,"32,473.22",9.93,"31,578.44",10.85,"6,964.37",53.21,"51,604.12",8.25,"20,871.51",-33.54,0,,"4,902.30",2.72
44,IDBI Bank,"31,972.57",1.26,"27,805.38",-0.9,"-5,015.90",0,"3,47,912.54",-4.37,"17,844.57",-20.52,0,,"2,305.53",30.8
45,General Insurance Corporation of India,"30,946.52",55.64,"26,374.69",71.95,"3,140.62",11.23,"50,005.86",19.42,"50,005.89",19.42,860,,100.72,11.61
46,Tech Mahindra,"29,916.10",11.06,"29,140.80",9.99,"2,812.90",-6.01,"20,645.00",16.09,"16,437.20",12.65,0,,"15,453.90",10.8
47,Reliance Infrastructure,"29,627.00",-0.3,"25,430.28",-5.71,"1,425.18",87.62,"65,326.65",-7.27,"20,995.14",-20.3,0,,"1,706.21",1.08
48,Hero MotoCorp,"29,327.18",1.29,"28,584.96",0.45,"3,584.27",14.08,"10,719.12",16.65,"10,315.51",16.77,639.01,,"1,432.49",6.95
49,Bharat Heavy Electricals,"28,219.04",5.28,"28,252.18",10.7,457.26,0,"41,274.81",-7.59,"32,388.99",0.23,0,,"5,408.00",0.38
50,Tata Power Company,"28,132.79",-12.05,"27,881.91",-5.47,745.48,12.58,"68,559.45",17.58,"11,779.47",1.26,0,,"1,447.48",5.24
51,Chennai Petroleum,"27,647.63",7.61,"27,691.40",7.14,"1,050.82",37.98,"9,115.68",28.07,"3,441.10",39.38,0,,512.88,43.66
52,Central Bank of India,"27,646.12",-1.02,"24,774.65",-4.67,"-2,459.36",0,"3,25,178.58",10.33,"15,006.05",-1.37,0,,"4,221.20",-5.61
53,Power Finance Corporation,"27,611.29",-0.98,"27,581.27",-1,"2,236.10",-63.84,"2,48,530.01",4.22,"36,844.91",2.27,"1,320.04",,133.24,24.96
54,Power Grid Corporation of India,"26,638.89",24.98,"25,703.91",24.46,"7,450.73",25.04,"1,75,575.14",9.62,"49,865.50",13.41,"1,313.12",,"1,911.60",27.17
55,Syndicate Bank,"26,461.65",2.93,"23,003.79",-0.84,517.45,0,"2,93,737.63",-2.63,"14,118.54",9.95,0,,"3,794.64",35.93
56,UltraTech Cement,"25,947.38",1.22,"25,374.94",0.88,"2,714.92",9.56,"33,210.73",1.06,"24,391.62",11.15,310.99,,"1,522.34",5.35
57,Petronet LNG,"24,980.13",-8.57,"24,616.03",-9.28,"1,723.13",85.71,"11,788.70",10.35,"8,178.38",22.75,187.5,,73.86,3.94
58,Rural Electrification Corporation,"24,663.24",1.93,"24,662.59",2.23,"6,313.37",10.93,"2,03,385.09",1.99,"33,670.56",16.53,"1,382.44",,192.75,34.61
59,Jet Airways (India),"24,524.40",2.98,"23,547.07",2.02,438.45,-63.81,"4,776.62",-30.58,"-4,899.88",0,0,,"3,141.23",24.05
60,Bajaj Finserv,"24,522.06",19.42,"24,521.64",19.42,"2,261.92",21.4,"94,111.58",24.94,"16,138.30",18.73,0,,"1,000.73",30.3
61,Ashok Leyland,"24,272.47",8.93,"23,244.47",6.98,"1,589.36",133.07,"20,433.59",19.12,"6,392.95",21.45,325.4,,"1,924.12",12.41
62,Reliance Communications,"23,322.00",-13.52,"22,149.00",-13.46,"-1,403.00",0,"82,330.00",-4.7,"24,084.00",-34.67,0,,"1,138.00",1.61
63,Bajaj Auto,"23,287.21",-1.86,"21,766.68",-3.63,"4,079.49",0.45,"18,111.16",27.04,"17,856.57",27.36,144.68,,960.84,8.76
64,Adani Power,"23,202.78",-8.4,"22,783.82",-10.76,"-6,174.10",0,"61,458.46",-7.91,"2,999.56",-59.83,0,,410.08,8.27
65,Indian Overseas Bank,"23,091.24",-11.34,"19,718.60",-16.15,"-3,416.74",0,"2,41,184.84",-9.79,"11,579.11",-12.64,0,,"3,044.67",-10.2
66,IFFCO,"22,597.10",-25.67,"22,130.23",-25.45,134.7,-66.78,"22,770.32",-8.84,"8,107.38",7.93,85.7,,988.73,2.83
67,Corporation Bank,"22,569.23",6.69,"19,471.52",0.31,565.81,0,"2,39,768.62",4.41,"12,086.62",12.75,0,,"1,445.00",5.19
68,NABARD,"22,434.68",7.52,"22,175.54",7.64,"2,680.50",5.32,"3,33,922.62",11.58,"53,883.59",8.56,0,,"1,709.90",37.9
69,New India Assurance Company,"22,428.17",16.34,"17,674.78",16.17,857.86,-10.76,"36,566.82",15.59,"12,817.79",2.59,0,,"2,235.94",-8.78
70,Jindal Steel & Power,"21,382.87",11.5,"21,655.50",11.23,"-2,281.28",0,"77,619.31",-3.49,"30,050.53",-7.35,0,,913.55,-3.49
71,Andhra Bank,"21,303.90",7,"18,218.32",2.36,207.1,-62.88,"2,15,772.02",10.61,"10,579.44",2.36,0,,"2,136.51",20.85
72,Oriental Bank of Commerce,"21,187.85",-3.41,"18,422.33",-8.66,"-1,094.07",0,"2,48,052.93",5.88,"12,672.94",-7.72,0,,"2,099.34",3.33
73,Ambuja Cements,"20,875.22",112.81,"20,343.83",114.57,"1,121.13",38.77,"24,146.36",133.31,"19,545.45",90.29,486.58,,"1,397.21",135.2
74,Yes Bank,"20,642.80",26.93,"16,425.00",21.37,"3,339.89",32.03,"2,03,503.75",29.52,"22,039.63",60.14,0,,"1,840.24",39.44
75,Allahabad Bank,"20,578.94",-2.04,"17,694.35",-6.45,-279,0,"2,31,554.01",-1.21,"15,036.19",-0.03,0,,"2,306.32",7.35
76,Tata Communications,"19,976.88",7.72,"17,619.73",-2.91,"1,232.87","14,103.57","15,036.31",-19.66,"1,591.90",-538.11,0,,"2,839.41",3.64
77,Interglobe Aviation,"19,369.86",16.29,"18,580.50",15.12,"1,659.15",-16.46,"10,463.77",15.89,"3,779.18",38.78,0,,"2,048.19",14.55
78,IndusInd Bank,"18,577.16",22.47,"14,405.67",21.34,"2,868.17",25.43,"1,69,673.52",25.04,"20,273.01",17.07,0.46,,"1,521.02",23.05
79,UCO Bank,"18,440.29",-8.52,"16,325.80",-12.04,"-1,850.67",0,"2,23,572.94",-5.62,"10,428.30",2.68,0,,"1,920.58",4.65
80,Future Retail,"18,382.83",145.9,"17,980.46",147.4,368.28,"2,340.56","3,987.43",26.08,"2,553.66",36.27,0,,803.44,144.57
81,Asian Paints,"18,311.86",12.35,"17,518.19",7.58,"1,939.42",11.13,"8,694.97",18.05,"7,603.60",16.52,254.19,,"1,086.29",9.78
82,Indian Bank,"18,261.62",1.27,"16,039.22",-1.26,"1,453.06",93.41,"2,12,569.89",7.21,"14,733.42",7.48,288.17,,"1,995.36",-0.74
83,Lupin,"17,946.97",20.52,"17,494.33",22.72,"2,557.46",13.12,"22,410.15",17.7,"13,497.57",20.91,338.24,,"2,849.52",33.05
84,Reliance Capital,"17,640.00",76.44,"17,507.00",76.11,"1,086.00",-1.36,"73,089.00",24.01,"15,334.00",8.42,0,,"1,337.00",61.47
85,UPL,"17,126.00",18.41,"16,312.00",16.12,"1,727.00",83.72,"14,195.00",21.4,"7,315.00",24.21,0,,"1,627.00",13.46
86,Gitanjali Gems,"16,831.44",18.87,"16,572.87",18.51,166.83,60.86,"14,722.72",-0.39,0,0,0.8,,311.58,13.95
87,PTC India,"15,513.47",14.06,"15,310.55",13.86,414.72,28.59,"14,817.30",22.51,"3,855.11",8.55,0,,43.99,18.25
88,Aurobindo Pharma,"15,339.65",8.85,"14,909.54",8.08,"2,301.66",13.66,"12,760.54",3.29,"9,371.91",28.61,0,,"1,767.76",14.59
89,Max Financial Services,"15,248.70",30.2,"15,246.72",30.2,395.36,56.43,"41,543.44",23.17,"1,828.29",-6.96,0,,918.13,41.18
90,Cipla,"14,747.97",5.84,"14,630.24",6.09,"1,006.39",-26,"17,355.54",-0.01,"12,525.42",8.76,0,,"2,633.82",8.21
91,Dr Reddy's Laboratories,"14,490.90",-9.2,"14,196.10",-8.81,"1,292.10",-39.36,"17,608.20",8.25,"12,262.10",-2.45,339,,"3,106.80",-0.34
92,CESC,"14,342.09",14.99,"13,903.50",14.68,690.84,15.43,"32,099.98",3.15,"10,622.69",0.18,132.56,,"3,627.74",11.14
93,Bhushan Steel,"14,286.13",19.44,"13,702.68",15.94,"-3,614.85",0,"48,551.67",-5.82,"-1,482.94",0,0,,501.29,11.51
94,EID Parry (India),"14,246.57",-6.33,"14,391.25",-6.29,520.81,"1,409.16","7,836.69",-8.89,"2,750.31",15.2,0,,476.28,4.62
95,Siemens,"14,188.80",24.08,"10,835.80",2.58,"2,873.70",144.7,"6,838.20",25.49,"6,558.70",28.18,"1,193.00",,"1,462.70",5.09
96,Citibank,"14,183.84",2.31,"10,450.85",-2.31,"3,625.61",12.14,"1,31,700.10",-7.18,"21,746.47",7.72,0,,"1,255.90",-1.52
97,LIC Housing Finance,"14,100.92",12.78,"14,092.44",12.83,"1,942.27",16.46,"1,39,681.92",14.65,"11,155.85",21.07,1,,266.23,61.84
98,Vijaya Bank,"14,030.72",8.28,"12,379.46",2.45,750.49,96.57,"1,52,225.24",6.18,"7,321.03",8.45,180.33,,"1,747.89",40.17
99,MRF,"13,970.91",2.13,"13,405.82",-0.35,"1,486.22",-11.16,"11,138.95",13.09,"8,640.76",19.61,2.54,,"1,000.36",16.76
100,Jaiprakash Associates,"13,745.27",-25.75,"13,759.03",-25.21,"-8,706.08",0,"45,158.04",-47.7,"7,558.99",-41.36,0,,907.59,2.26
101,Sundaram Clayton,"13,707.50",9.52,"13,498.20",8.3,330.2,13.14,"4,550.96",19.23,"1,867.01",22.6,63.73,,"1,041.73",11.07
102,Bank of Maharashtra,"13,586.79",-3.57,"12,061.98",-7.59,"-1,356.09",0,"1,54,645.77",-1.54,"7,468.91",-1.26,0,,"1,807.94",17.27
103,Apollo Tyres,"13,569.50",13.4,"13,180.04",11.24,"1,099.00",-2.13,"11,333.09",34.87,"7,286.83",10.38,0,,"1,742.07",10.9
104,Suzlon Energy,"13,551.74",28.94,"12,714.37",34.07,857.71,47.09,"4,674.32",9.94,"-6,841.33",0,0,,"1,046.48",9.11
105,Titan Company,"13,363.06",15.79,"12,978.86",15.1,711.47,5.48,"4,379.82",17.47,"4,232.38",20.71,0,,896.55,28.76
106,Avenue Supermarts,"13,050.01",39.91,"12,758.15",39.02,478.8,49.51,"5,340.81",95.69,"3,841.78",152.68,0,,192.51,29.17
107,Tata Chemicals,"12,836.03",-11.44,"12,941.77",-12.98,993.11,28.88,"19,478.59",-4.5,"7,908.24",15.38,0,,"1,297.23",2.05
108,TVS Motor Company,"12,677.03",11.1,"12,462.62",9.54,511.24,19.13,"3,600.21",21.71,"2,216.04",21.86,118.78,,828.05,13.25
109,Ruchi Soya Industries,"12,586.04",-15.6,"12,781.84",-15.39,"-1,311.68",0,"6,759.26",-19.03,931.67,-61.72,0,,193.21,-13.92
110,Capgemini Technology Services India,"12,551.20",12.69,"11,970.40",9.82,"1,579.50",-27.07,"8,971.10",22.65,"8,388.30",22.31,0,,"7,759.50",5.18
111,Neyveli Lignite Corporation,"12,300.73",40.68,"11,128.04",41.72,"2,447.00","2,759.65","28,721.61",13.07,"12,198.63",-20.43,"1,121.97",,"2,514.45",6.18
112,Standard Chartered Bank,"12,267.83",2.12,"9,610.33",-4.08,"2,440.43",142.47,"1,18,785.24",7.65,"25,810.64",7.04,0,,"1,461.62",5.78
113,Shree Renuka Sugars,"12,198.10",22.8,"11,844.50",20.23,"-1,039.70",0,"3,823.10",1.52,0,0,0,,210.5,2.68
114,Indiabulls Housing Finance,"11,701.74",26.84,"11,639.64",26.23,"2,906.39",23.95,"98,367.73",35.47,"11,869.32",10.99,"1,142.12",,499.66,20.94
115,Exide Industries,"11,649.95",24.49,"11,223.55",17.7,801.05,14.86,"15,187.52",16.61,"5,032.13",14.63,136,,867.7,3.53
116,United Bank of India,"11,614.53",1.84,"9,427.91",-5.12,219.51,0,"1,37,234.82",9.23,"6,842.78",26.85,0,,"1,624.18",-23.89
117,Oil India,"11,559.86",3.14,"9,566.36",-2.59,"1,596.56",-23.23,"44,630.53",25.48,"29,519.36",17.24,761.44,,"2,087.26",8.29
118,Dewan Housing Finance Corporation,"11,471.09",46.32,"11,465.35",46.34,"2,806.30",274.52,"89,955.00",34.2,"7,730.60",43.43,31.3,,391.68,20.17
119,Dena Bank,"11,433.07",0.62,"10,181.67",-4.36,-863.62,0,"1,26,688.80",-3.18,"6,586.67",6.03,0,,"1,484.08",2.48
120,ACC,"11,257.76",-5.53,"11,167.55",-5.34,604.38,2.86,"8,776.00",2.72,"8,641.52",2.62,319.24,,789.86,2.29
121,Bosch,"11,172.30",9.29,"10,435.20",7.56,"1,740.20",13.47,"9,160.80",-8.02,"8,790.60",-7.73,0,,"1,342.80",3.05
122,HSBC,"11,064.78",7.34,"8,791.84",3.7,"2,391.28",23.64,"1,15,371.02",-8.67,"19,934.04",10.37,0,,"1,171.27",5.93
123,Shriram Transport Finance,"10,904.47",5.24,"10,902.79",5.25,"1,265.63",6.93,"69,616.11",8.82,"11,331.94",11.37,90.75,,583.2,-6.5
124,Reliance Power,"10,891.68",2.54,"10,395.65",0.94,"1,104.16",23.31,"56,477.48",0.57,"21,367.58",5.64,0,,182.65,3.94
125,IDFC,"10,467.72",16.69,"10,465.88",16.7,699.08,0,"1,11,634.73",33.71,"10,819.86",7.04,0,,794.2,24.09
126,Videocon Industries,"10,262.88",-4.6,"9,863.52",-4.34,"-1,532.54",0,"46,548.97",-9.37,0,0,0,,300.57,-1.87
127,Torrent Power,"10,219.63",-14.87,"10,024.45",-14.54,428.95,-52.35,"17,527.56",3.98,"6,892.09",6.52,0,,567.51,8.9
128,GMR Infrastructure,"10,172.53",16.98,"9,768.63",18.25,-574.59,0,"31,762.32",-34.93,"5,647.49",13.16,0,,544.89,7.59
129,NHPC,"10,150.86",6.51,"8,623.13",3.22,"2,310.63",12.67,"54,923.17",-5.23,"29,014.82",-8.3,0,,"1,932.70",20.48
130,Bajaj Finance,"10,006.53",36.45,"9,984.38",36.8,"1,836.38",43.62,"59,696.88",32.24,"9,600.26",29.27,0,,931.67,47.97
131,Hindustan Construction Company,"9,867.94",12.55,"9,866.78",15.53,-758.02,0,"9,383.60",-3.7,-374.27,0,0,,988.71,2.37
132,Federal Bank,"9,867.04",14.27,"8,783.27",12.23,866.87,78.21,"1,12,958.94",22.16,"8,946.36",11.01,0,,"1,189.34",10.72
133,Cadila Healthcare,"9,696.90",1.5,"9,429.50",0.03,"1,487.70",-23.07,"12,537.30",48.65,"6,960.00",22.12,0,,"1,500.20",18.71
134,Arvind,"9,678.51",17.82,"9,235.54",15.29,313.84,-0.11,"6,806.37",2.86,"3,568.17",34.83,0,,"1,096.26",22.07
135,NMDC,"9,639.44",16.68,"8,828.14",36.75,"2,543.86",-0.09,"23,208.92",-25.25,"22,582.21",-22.61,"1,313.02",,888.75,36.77
136,Bombay Burmah Trading Corporation,"9,629.60",7.9,"9,434.12",7.67,435.67,12.8,"4,814.67",26.46,"2,334.05",21.98,0,,467.14,2.6
137,IDFC Bank,"9,597.38",136.85,"8,578.28",135.1,"1,018.68",118.2,"1,05,037.34",32.94,"14,677.33",7.66,0,,614.96,139.63
138,Glenmark Pharmaceuticals,"9,576.39",24.02,"9,079.41",20.07,"1,108.75",49.22,"9,248.49",20.2,"4,492.53",23.77,0,,"1,640.81",19.05
139,Jindal Stainless,"9,535.69",30.93,"9,278.66",29.89,83.04,0,"7,847.23",-35.43,"1,813.89",5.94,0,,154.05,14.67
140,Bharat Electronics,"9,534.85",16.86,"8,653.98",17.68,"1,523.58",13.92,"8,894.59",-12.64,"7,735.77",-16.34,0,,"1,559.44",23.06
141,Adani Ports & Special Economic Zone,"9,479.46",20.89,"8,439.35",18.72,"3,911.52",35.01,"41,034.48",10.88,"17,525.98",29.77,0,,383.14,38.91
142,Godrej Consumer Products,"9,477.36",10.2,"9,267.91",10.02,"1,304.08",57.57,"10,254.95",41.06,"5,301.95",24.26,0,,988.46,4.7
143,DLF,"9,469.24",-10.64,"8,221.23",-17.17,714.8,133.44,"56,364.33",8.82,"24,572.83",2.09,0,,328.32,4.15
144,Nestle India,"9,405.19",13.68,"9,223.80",12.83,926.54,64.49,"5,019.06",13.23,"3,013.70",6.95,607.42,,"1,073.36",17.6
145,Rain Industries,"9,346.38",-9.39,"9,316.40",-8.83,224.73,-30.5,"11,419.47",0.75,"3,014.35",2.62,33.64,,970.69,1
146,Britannia Industries,"9,258.83",8.6,"9,054.09",7.82,884.61,7.28,"2,856.56",26.54,"2,696.42",28.91,0,,352.61,3.3
147,Export-Import Bank of India,"9,235.34",5.17,"8,441.09",1.78,41.21,-86.95,"1,08,100.90",3.12,"12,028.02",4.42,0,,56.39,-1.67
148,Indian Railway Finance Corporation,"9,047.66",20.52,"9,047.38",20.52,933.81,10.03,"1,20,146.83",20.7,"12,009.60",4.2,373.52,,3,-26.65
149,JBF Industries,"9,035.51",0.87,"8,984.95",1.2,-390.36,0,"13,236.47",-2.15,"2,064.03",-14.86,8.18,,261.67,-4.79
150,NCC,"9,027.49",-8.17,"9,000.57",-5.53,31.68,-73.69,"6,620.39",-7.57,"3,447.67",1.64,0,,459.22,-2.39
151,Shree Cement,"8,990.35",9.05,"8,429.16",14.66,"1,339.08",-12.14,"9,950.75",15.02,"7,698.00",12.45,404.11,,537.18,8.94
152,PC Jeweller,"8,977.82",15.75,"8,474.41",16.04,421.01,5.73,"4,160.95",22.96,"3,366.78",44.72,0,,83.37,14.76
153,United Spirits,"8,905.80",-4.43,"8,817.50",3.8,100.1,-27.62,"5,970.90",-0.32,"1,785.60",9.23,0,,688.2,1.21
154,Piramal Enterprises,"8,896.86",28.48,"8,503.65",34.1,"1,252.33",38.42,"45,606.06",55.26,"14,882.57",14.94,0,,"1,793.87",6.58
155,Punjab & Sind Bank,"8,750.97",-5.12,"8,172.87",-6.54,201.08,-40.15,"94,641.06",-5.41,"5,269.16",3.97,0,,990.14,10.75
156,Thomas Cook (India),"8,682.44",41.02,"8,588.00",40.93,38.18,0,"3,681.89",33.97,"1,520.80",21.89,0,,"4,053.89",20.01
157,ABB India,"8,647.00",5.43,"8,648.37",6.24,376.25,25.47,"3,938.81",7.6,"3,282.78",9.12,84.76,,767.82,2.39
158,Alok Industries,"8,645.11",-30.48,"8,723.05",-32.5,"-3,083.14",0,"27,221.94",-7.59,"1,646.59",-63.49,0,,329.03,-33.72
159,KEC International,"8,622.34",1.33,"8,584.40",0.78,304.78,106.11,"3,726.99",-17.76,"1,586.36",22.94,0,,732.67,14.62
160,Godrej Industries,"8,609.63",10.27,"8,365.13",12.23,256.45,59.51,"12,288.13",6.38,"3,195.62",6.46,0,,429.21,17.64
161,L&T Finance Holdings,"8,572.31",14.75,"8,531.58",14.67,"1,042.19",21.65,"70,032.84",14.71,"7,893.94",9.71,0,,493.52,1.2
162,JSW Energy,"8,484.49",-16.55,"8,263.43",-15.89,629.03,-56.54,"24,769.52",0.65,"10,368.46",6.85,321.85,,211.77,15.21
163,IL&FS Transportation Networks,"8,401.62",0.54,"7,984.42",-0.64,149.31,22.43,"37,422.51",14.01,"4,184.68",-2.74,0,,522.03,6.37
164,Zee Entertainment Enterprises,"8,247.40",34.33,"6,434.20",10.7,"2,221.70",169.89,"8,644.00",30.85,"6,656.70",38.57,0,,604.3,21.2
165,JK Tyre & Industries,"8,055.11",16.46,"7,689.37",11.47,375.4,-19.67,"8,255.74",63.81,"1,964.78",12.18,0,,893.29,14.09
166,National Aluminium Company,"8,047.09",7.52,"7,543.04",10.65,667.72,-15.17,"10,654.59",-21.45,"10,205.15",-22.66,541.22,,"1,537.44",9.95
167,Bharti Infratel,"8,044.40",11.16,"6,084.70",9.47,"2,747.00",22.23,"16,402.70",-12.86,"15,499.30",-15.04,"2,773.00",,274.6,6.52
168,Dabur India,"8,022.81",-1.64,"7,701.44",-2.13,"1,276.94",2.06,"5,905.02",16.85,"4,847.39",16.23,477.03,,765.65,-0.54
169,Century Textiles & Industries,"7,875.56",-1.19,"7,899.29",-0.85,104.99,0,"8,350.16",-0.24,"2,481.86",5,0,,667.2,3.22
170,Jain Irrigation Systems,"7,720.37",9.41,"7,284.75",4.73,169.47,250.14,"8,427.05",0.13,"4,157.76",2.3,0,,738.29,10.79
171,National Fertilizer,"7,713.86",-4.16,"7,619.94",-1.77,207.92,5.54,"8,971.71",-18.35,"1,826.64",13.69,0,,488.08,6.76
172,Chambal Fertilisers & Chemicals,"7,690.56",-18.4,"7,553.45",-16.15,362.14,63.89,"6,669.19",-6.25,"2,123.54",13.75,0,,141.88,-14.95
173,Lanco Infratech,"7,510.07",-12.82,"7,343.69",-9.32,"-2,259.97",0,"45,064.75",-1.51,0,0,0,,335.23,-5
174,Kalpataru Power Transmission,"7,490.45",6.66,"7,512.47",4.56,186.46,69.49,"6,294.20",3.27,"2,421.58",7.77,0,,549.83,-0.35
175,Adani Enterprises,"7,455.55",1.34,"6,629.45",2.81,987.74,-2.27,"37,056.89",9.41,"14,135.97",5.67,0,,538.94,2.09
176,Eicher Motors,"7,423.77",69.71,"7,033.36",70.89,"1,667.08",86.89,"5,455.85",46.63,"5,345.07",46.32,0,,402.36,72.32
177,Jindal Saw,"7,394.61",-6.13,"7,094.67",-7.89,113.77,0,"11,760.55",-9.22,"5,386.14",5.15,0,,778.5,-1.37
178,Apollo Hospitals Enterprise,"7,367.13",15.7,"7,254.91",16.74,220.99,-6.51,"7,058.89",12.47,"3,671.35",10.21,3.64,,"1,196.50",16.9
179,Dalmia Bharat,"7,225.92",11.43,"7,016.13",12.53,344.8,81.46,"13,955.06",-1.98,"4,964.87",8.18,0,,609.18,20.56
180,Cox & Kings,"7,211.08",-4.94,"7,176.29",-4.38,146.96,189.98,"6,905.77",-4.32,"2,588.40",5.58,0,,745.51,-10.21
181,M&M Financial Services,"7,200.65",9.14,"7,189.06",9.16,511.64,-33.75,"48,920.11",17.87,"6,960.16",7.59,0,,886.64,25.93
182,Jammu and Kashmir Bank,"7,183.07",-2.3,"6,685.80",-2.31,"-1,632.99",0,"79,407.91",1.75,"5,038.08",-21.54,0,,"1,126.35",9.87
183,Jindal Poly Films,"7,174.19",-1.21,"7,017.07",-2.88,193.4,-42.76,"5,426.47",5.66,"2,376.49",7.23,0,,969.91,7.67
184,Rashtriya Chemicals & Fertilizers,"7,144.21",-16.49,"7,223.17",-12.35,179.25,6.02,"5,078.41",-17.72,"2,925.04",3.84,0,,503.64,1.54
185,Kwality,"7,065.19",12.97,"6,871.79",8.25,194.15,18.41,"2,791.98",17.56,"1,117.31",30.9,0,,40.08,7.14
186,Centrum Capital,"6,995.01",74.3,"6,986.93",74.41,30.01,14.72,888.4,17.39,300.81,-5.72,0,,134.49,78.27
187,Welspun India,"6,915.47",15.51,"6,640.54",12.1,357.56,-51.45,"5,979.40",9.67,"2,397.15",21.68,0,,637.3,18.75
188,Tata Global Beverages,"6,912.87",3.2,"6,779.55",2.15,389.44,0,"8,187.24",-6.56,"6,243.64",0.29,0,,834.95,3.71
189,Bharat Forge,"6,693.18",-5.53,"6,396.15",-6.07,704.62,3.86,"7,438.95",6.82,"4,116.37",20.6,58.2,,930.92,1.71
190,Vardhman Textiles,"6,653.47",10.75,"6,034.27",2.98,981.41,59.69,"6,654.97",-1.56,"4,273.23",6.83,0,,478.85,10.39
191,Aditya Birla Fashion & Retail,"6,638.40",5.37,"6,602.86",9.43,53.5,0,"3,156.87",9.74,955.42,5.96,0,,705.8,13.74
192,Edelweiss Financial Services,"6,618.84",25.64,"6,604.31",25.66,609.31,47.04,"40,014.82",21.63,"4,329.46",17.81,83.22,,"1,102.15",24.94
193,South Indian Bank,"6,562.64",8.03,"5,847.08",5.22,392.5,17.77,"72,923.73",17.28,"4,604.65",24.05,0,,676.52,-2.27
194,NBCC (India),"6,553.10",5.28,"6,312.90",8.35,354.72,22.61,"1,767.27",9.44,"1,693.84",9.9,0,,247.47,10.11
195,Uflex,"6,543.43",1.64,"6,504.78",2.19,348.46,11.03,"5,766.05",2.85,"3,628.82",5.25,0,,547.39,10.33
196,Zuari Agro Chemicals,"6,481.79",-14.93,"6,385.46",-16.11,-52.97,0,"6,002.90",-11.47,"1,306.49",-3.03,0,,160.51,5.93
197,Gujarat Fluorochemicals,"6,431.23",-8.29,"6,288.40",-10.29,88.12,-77.93,"9,176.32",7.07,"4,518.26",2.73,0,,334.16,19.92
198,Voltas,"6,404.72",9.67,"6,032.80",5.47,509,31.49,"3,597.71",12.76,"3,306.62",17.63,0,,618.43,-2.63
199,Karur Vysya Bank,"6,404.57",4.14,"5,622.35",3.29,605.98,6.76,"60,431.15",5.01,"5,035.69",10.12,0,,607.96,11.07
200,Havells India,"6,402.74",-26.15,"6,155.76",-19.14,494.11,-62,"3,508.73",9.92,"3,276.82",8.23,187.46,,509.01,-43.19
201,Container Corporation Of India,"6,349.68",-4.74,"6,040.41",-4.86,856.2,-11.36,"9,062.76",6.52,"8,805.99",6,0,,188.67,18.91
202,SpiceJet,"6,342.36",17.32,"6,191.27",21.68,430.73,-4.24,903.17,70.41,-609.09,0,0,,673.54,36.77
203,Tata Capital,"6,324.10",25.66,"6,248.52",25.79,459.54,13.46,"51,151.58",14.65,"4,212.28",-4.18,0,,573.79,27.32
204,Mphasis,"6,313.28",0.59,"6,076.36",-0.07,791.58,25.35,"6,472.84",1.2,"6,152.40",5.08,505.87,,"3,709.56",-0.56
205,Torrent Pharmaceuticals,"6,219.95",-11.9,"5,856.92",-12.41,933.55,-46.14,"7,131.72",16.87,"4,350.13",24.5,169.22,,993.41,17.93
206,Punj Lloyd,"6,216.66",32.28,"4,867.28",9.45,-920.05,0,"6,044.70",-8.1,"-1,826.72",0,0,,578.17,-25.26
207,Welspun Corp,"6,216.57",-15.11,"5,898.71",-18.48,26.43,-82.59,"5,166.41",-15.4,"1,809.62",-40.95,0,,430.55,-22.79
208,Deutsche Bank,"6,122.66",3.54,"5,000.90",0.88,986.54,-16.79,"60,156.62",-6.27,"11,648.18",0.26,0,,516.87,-9.52
209,Alkem Laboratories,"6,089.14",15.57,"5,687.53",15.49,892.03,20.29,"5,355.79",18.23,"4,467.64",21.01,0,,"1,003.85",16.58
210,DCM Shriram,"6,075.88",0.77,"5,788.46",0.14,551.68,82.83,"3,792.25",13.91,"2,527.73",20.89,94.19,,532.59,9.21
211,Marico,"6,070.77",0.34,"5,917.79",-1.65,798.59,12.24,"2,593.68",9.17,"2,325.68",15.28,451.59,,404.18,8.24
212,Jubilant Life Sciences,"6,001.51",3.42,"5,861.43",1.95,575.65,46.91,"7,718.57",1.02,"3,436.05",15.84,0,,"1,230.93",9.41
213,Karnataka Bank,"5,994.74",8.3,"5,185.40",3.87,452.26,8.9,"62,708.31",13.54,"4,719.05",27.87,0,,601.03,35.67
214,IRB Infrastructure Developers,"5,969.11",13.59,"5,845.94",14,715.47,11.95,"35,194.38",-14.65,"5,271.60",9,70.29,,272.62,10.59
215,CG Power & Industrial Solutions,"5,947.96",5.75,"5,712.66",8.43,-490.86,0,"7,785.63",-11.16,"4,102.66",-10.6,0,,537.1,-4.13
216,Muthoot Finance,"5,938.39",20.19,"5,934.98",20.24,"1,199.79",47.3,"29,468.33",14.92,"6,538.04",16.29,239.69,,764.23,16.89
217,CEAT,"5,860.63",6.12,"5,766.51",5.16,361.15,-17.46,"3,435.75",22.99,"2,414.95",17.53,0,,419.63,5
218,Sintex Plastics Technology,"5,853.92",0,"5,810.58",0,420.31,0,"7,359.42",0,"3,058.69",0,0,,740.59,0
219,Pidilite Industries,"5,765.07",6.39,"5,616.79",4.77,859.99,7.12,"3,752.97",34.13,"3,470.91",31.57,0,,645.27,12.78
220,Simplex Infrastructures,"5,689.39",-4.9,"5,612.49",-4.77,136.78,27.1,"4,866.96",0.82,"1,532.43",8.69,0,,515.14,-18.5
221,Endurance Technologies,"5,662.98",6.91,"5,573.87",6.57,330.31,10.34,"2,460.12",6.04,"1,729.33",19.28,5.28,,547.72,12.67
222,Sundaram Finance,"5,633.21",11.89,"5,625.00",11.89,683.48,17.2,"27,176.93",9.38,"4,816.02",14.81,55.55,,496.12,10.9
223,Allcargo Logistics,"5,632.46",-0.76,"5,583.36",-1.01,231.82,-3.36,"2,409.53",5.84,"1,792.22",3.22,0,,941.94,2.55
224,Raymond,"5,578.98",3.39,"5,391.32",4.14,25.52,-69.91,"3,936.74",2.23,"1,673.12",0.05,18.41,,753.54,8.87
225,Mahindra CIE Automotive,"5,564.36",2.27,"5,524.58",3.57,169.01,65.23,"4,989.16",45.52,"3,266.26",62.78,0,,"1,102.49",3.19
226,Amara Raja Batteries,"5,537.49",15.79,"5,317.15",15.15,478.49,-2.67,"2,746.90",21.5,"2,593.07",22.55,0,,277.75,14.34
227,Bajaj Hindusthan Sugar,"5,528.50",22.88,"4,399.30",-6.21,-91.98,0,"10,525.37",-0.06,"3,465.56",-3.15,0,,233.71,17.4
228,Nirma,"5,524.92",5.35,"5,391.42",4.15,431.38,-26.82,"11,292.79",90.83,"4,236.73",11.6,0,,298.22,7.86
229,Uttam Galva Steels,"5,480.62",-32.58,"5,270.26",-36.47,-437.48,0,"7,025.06",29.44,199,-67.61,0,,105.67,-9.16
230,Gujarat State Fertilizers & Chemicals,"5,380.50",-13.33,"5,264.53",-13.81,424.46,2.04,"7,918.57",9.49,"6,618.95",19.37,87.67,,511.43,6.8
231,Fortis Healthcare,"5,311.12",15.12,"4,657.10",8.26,421.66,"2,189.14","8,600.30",33.79,"5,143.49",15.29,0,,910.41,9.63
232,Mindtree,"5,291.70",11.24,"5,236.40",12.06,418.6,-24.24,"2,706.80",6.38,"2,577.10",6.72,117.6,,"3,412.50",21.91
233,Cummins India,"5,227.32",8.07,"5,106.38",8.18,736.27,2.07,"4,213.37",13.41,"3,871.10",7.27,138.6,,445.28,5.75
234,Shoppers Stop,"5,202.92",8.51,"5,185.76",10.74,-37.28,0,"1,369.55",1.98,479.23,-6.96,0,,388.63,16.7
235,The India Cements,"5,199.92",5.77,"5,162.51",5.73,151.03,29.43,"8,499.68",-1.35,"5,174.90",2.47,0,,364.56,1.5
236,BASF India,"5,122.11",6.14,"5,079.81",6.96,-14.13,0,"2,514.40",-0.89,"1,102.26",-1.23,0,,328.36,0.24
237,Gujarat Gas,"5,120.43",-16.77,"5,092.61",-16.59,220.59,16.08,"4,053.40",3.8,"1,663.72",9.22,0,,133.06,0.29
238,GNFC,"5,103.35",5.89,"4,588.77",0.81,528.79,194,"6,887.94",-8.67,"3,855.23",15.99,0,,374.37,4.87
239,Prism Cement,"5,088.94",-5.25,"5,011.32",-4.05,-1.8,0,"3,561.39",-4.62,994.93,-0.33,0,,472.19,6.81
240,Whirlpool of India,"5,041.44",18.15,"4,772.45",14.55,310.49,29.36,"1,622.22",28.93,"1,483.06",27.22,0,,411.63,7.57
241,IIFL Holdings,"4,924.88",24.28,"4,912.47",24.3,686.09,34.22,"30,106.85",49.49,"4,381.56",30.71,142.92,,784.03,11.36
242,SRF,"4,918.60",6.94,"4,821.80",4.99,514.99,19.8,"5,638.49",5.88,"3,182.66",15.19,68.9,,433.8,12.29
243,Apar Industries,"4,913.49",-2.41,"4,831.98",-4.85,176.57,45.1,"1,347.64",8.26,"1,036.12",21.33,0,,107.37,18.03
244,Prestige Estates Projects,"4,873.80",-16.27,"4,774.50",-13.68,269.9,-55.74,"10,591.90",5.74,"4,464.00",6.29,0,,293.3,44.48
245,United Breweries,"4,801.22",-2.62,"4,729.19",-2.15,229.57,-23.04,"2,938.74",-0.86,"2,334.21",8.71,0,,356.28,5.22
246,Berger Paints India,"4,786.13",11.74,"4,552.25",7.79,473.66,27.82,"2,323.52",20.46,"1,900.69",21.74,0,,306.72,12.15
247,Trident,"4,770.35",28.73,"4,694.42",28.06,337.22,39.31,"5,703.42",-5.56,"2,756.84",13.17,61.15,,579.42,34.91
248,Future Enterprises,"4,745.35",-50.77,"4,487.50",-52,35,-1.57,"9,680.06",8.98,"3,797.48",11.82,0,,138.28,-60.48
249,Jaiprakash Power Ventures,"4,743.57",11.96,"4,657.47",13.23,"-1,232.94",0,"35,054.60",1.77,"9,387.01",23.28,8.19,,118.12,30.63
250,JK Cement,"4,724.14",6.57,"4,694.88",7.46,226.53,291.58,"5,366.96",4.5,"1,759.48",10.87,27.97,,315.54,17.41
251,Shriram City Union Finance,"4,709.02",17.15,"4,707.16",17.61,578.09,4.72,"25,247.88",22.02,"5,187.57",11.59,32.97,,597.3,10.44
252,KSK Energy Ventures,"4,707.46",6.97,"3,938.58",-9.07,-635.98,0,"26,217.67",12.61,"3,119.43",11.63,0,,111.87,28.6
253,Cholamandalam Invst & Finance,"4,696.84",11.41,"4,693.58",11.38,719.43,25.19,"29,279.26",9.27,"4,325.84",17.88,54.69,,414.09,57.94
254,SREI Infrastructure Finance,"4,681.37",43.51,"4,665.90",44.27,243.36,235.58,"31,462.53",28.45,"4,918.74",35.69,0,,201.56,39.14
255,Sadbhav Engineering,"4,654.19",11.49,"4,570.01",12.4,-54.03,0,"12,965.95",10.06,"1,660.90",-7.62,0,,170.6,13.62
256,Kansai Nerolac Paints,"4,601.22",-2.51,"4,468.95",7.84,508.84,-43.52,"2,865.51",11.68,"2,814.50",12.15,164.37,,202.57,16.91
257,Supreme Industries,"4,592.65",13.44,"4,462.26",13.06,430.4,45.81,"1,988.84",14.28,"1,695.72",28.88,38.11,,187.25,7.25
258,Oracle Financial Services Software,"4,582.63",5.54,"4,426.53",7.15,"1,185.39",13.01,"3,396.01",-29.4,"2,675.92",-27.19,"2,292.44",,"2,070.27",6.19
259,Security & Intelligence Services India,"4,580.98",18.93,"4,567.09",19.05,91.28,20.53,"1,396.65",44.71,543.09,20.86,0,,"3,788.67",21.33
260,Thermax,"4,576.64",-13.29,"4,483.08",-12.86,223.01,-20.99,"2,768.94",2.12,"2,537.62",5.03,0,,687.52,3.82
261,APL Apollo Tubes,"4,536.48",6.87,"4,545.00",7.87,145.89,45.08,"1,324.73",8.21,720.3,26.91,0,,72.06,14.62
262,Birla Corporation,"4,479.78",28.81,"4,347.67",33.03,219.46,30.85,"8,025.74",74.36,"3,304.99",12.98,0,,306.29,25.55
263,RBL Bank,"4,468.62",38.14,"3,713.16",35.3,446.81,52.77,"46,904.19",23.84,"4,335.37",45.08,0,,446.14,20.6
264,Blue Star,"4,439.25",12.8,"4,387.73",15.53,123.05,17.44,994.13,-1.65,757.13,20.1,0,,339.03,-18.75
265,Bandhan Bank,"4,320.12",149.54,"3,908.71",147.17,"1,111.95",303.98,"28,704.06",55.37,"4,446.45",33.35,0,,545.57,67.83
266,GE T&D India,"4,318.58",18.42,"4,052.13",22.67,-86.66,0,"1,661.82",-8.09,"1,032.79",-12.35,0,,403.32,10.37
267,Bajaj Electricals,"4,306.92",-7.73,"4,261.71",-7.16,102.17,-5.22,"1,575.77",-10.28,863.11,14.52,0,,314.39,15.63
268,Tube Investments of India,"4,247.57",0,"4,108.57",0,158.95,0,"1,918.81",0,"1,142.01",0,0,,398.63,0
269,GlaxoSmithkline Consumer Healthcare,"4,238.00",-4.04,"3,986.46",-3.62,656.68,-4.45,"3,367.43",10.43,"3,122.67",11.58,0,,458.03,-9.3
270,Escorts,"4,237.85",20.52,"4,145.33",20.79,131.27,85.91,"1,938.95",2.4,"1,620.93",10.53,0,,462.25,11.93
271,Future Lifestyle Fashions,"4,226.14",16.33,"4,105.69",17.83,45,52.7,"2,688.49",-5.13,"1,922.28",18.42,0,,205.08,8.76
272,JVL Agro Industries,"4,221.21",-9.49,"4,235.37",-6.76,32.4,-33.85,"1,031.10",19.83,613.26,5.8,0,,12.45,3.84
273,Biocon,"4,213.00",12.13,"3,891.10",16.24,612.1,11.21,"7,910.20",9.9,"4,836.80",19.93,0,,747,22.44
274,Religare Enterprises,"4,207.77",-26.11,"3,708.70",-24.23,-174.27,0,"18,959.25",-25.62,"2,726.88",-28.95,0,,644.99,-30.91
275,Bombay Rayon Fashions,"4,195.90",-8.16,"3,894.86",-7.48,-162.28,0,"8,311.05",8.82,"2,717.11",33.97,0,,273.71,-1.82
276,Divis Laboratories,"4,180.05",8.62,"4,064.34",7.63,"1,060.42",-5.81,"5,408.43",24.41,"5,357.39",24.78,0,,468.74,29.78
277,Indian Hotels Co,"4,162.55",2.4,"4,010.26",-0.32,-63.2,0,"7,070.88",-14.3,"2,517.69",-2.42,0,,"1,364.65",-4.12
278,Wockhardt,"4,154.73",-9.36,"4,014.61",-9.85,-195.72,0,"7,960.22",13.92,"3,336.71",-11.61,0,,966.51,1.66
279,Hatsun Agro Product,"4,153.64",18.97,"4,199.66",21.92,133.97,121.44,"1,268.15",40.5,347.11,50.49,15.22,,126.86,15.09
280,ISGEC Heavy Engineering,"4,109.24",-12.02,"3,916.79",-13.15,242.09,31.04,"1,894.56",-5.96,"1,253.64",21.85,13.28,,327.25,7.94
281,Deepak Fertilisers & Petrochemicals,"4,046.99",-11.17,"4,150.12",-3.69,175.31,50.78,"3,597.37",1.58,"1,700.34",11.3,0,,210.17,14.84
282,Colgate-Palmolive (India),"4,016.05",2.66,"3,981.82",2.94,577.43,-0.64,"1,300.63",23.8,"1,273.80",23.55,271.99,,288.5,9.95
283,Crompton Greaves Consumer Electrical,"4,014.55",116.63,"3,975.90",119.46,290.69,176.35,"1,206.71",35.93,539.16,135.73,0,,225.18,124.08
284,Kesoram Industries,"4,011.95",-18.11,"3,915.63",-4.5,-230.26,0,"3,667.72",-35.27,181.08,-54.21,0,,389.85,33.25
285,The Ramco Cements,"3,991.62",9.44,"3,967.33",10.76,662.74,21.55,"5,249.71",-0.65,"3,795.46",21.14,0,,278.52,7.37
286,Balkrishna Industries,"3,986.09",17.58,"3,727.03",15.05,716.85,60.83,"4,961.41",5.69,"3,548.56",27.29,53.16,,256.86,9.34
287,Usha Martin,"3,974.50",0.77,"3,881.94",-5.6,-358.91,0,"5,458.38",-8.53,944.92,-30.18,0,,373.97,0.18
288,Vakrangee,"3,967.44",23.91,"3,948.95",23.76,522.95,32.48,"2,207.83",19.77,"2,060.50",35.46,0,,42.34,66.96
289,Binani Industries,"3,958.25",-3.57,"3,877.65",-4.13,-460.92,0,"5,139.34",-10.15,0,0,0,,532.74,-3.94
290,Aegis Logistics,"3,949.20",78.38,"3,932.81",77.7,120.26,6.11,942.33,24.98,602.15,19.36,23.38,,46.19,-1.43
291,Indraprastha Gas,"3,923.49",4.25,"3,814.78",3.5,606.34,32.42,"3,032.03",17.3,"2,926.56",18.12,49,,91.71,17.04
292,Varun Beverages,"3,918.38",12.9,"3,852.01",13.49,151.26,33.81,"3,926.47",14.4,"1,893.86",744.42,0,,426.36,31.69
293,Balrampur Chini Mills,"3,906.00",32.88,"3,460.14",25.52,592.99,491.81,"3,352.17",15.08,"1,560.60",26.97,85.75,,180.99,16.73
294,India Infrastructure Finance Company,"3,902.64",-16.24,"3,750.95",-10.92,67.91,-85.5,"42,156.78",-0.28,"7,423.95",2.19,0,,25.96,21.76
295,Dilip Buildcon,"3,877.36",16.34,"5,319.16",23.69,357.68,55.67,"6,178.48",28.73,"1,718.98",84.42,0,,82.18,16.3
296,National Steel & Agro Industries,"3,859.34",-1.89,"3,980.38",6.13,20.62,-26.72,604.4,-2.9,347.98,5.45,0,,50.72,5.91
297,Strides Shasun,"3,819.70",24.54,"3,483.42",21.7,399.75,268.37,"7,059.61",9.74,"2,710.44",1.98,0,,588.12,64.42
298,Tamilnad Mercantile Bank,"3,811.47",6.74,"3,380.96",3.96,316.66,-21.26,"35,414.20",5.26,"3,224.04",9.6,34.3,,377.84,7.97
299,Philips India,"3,734.00",2.09,"3,690.30",4.2,206.4,10.43,"2,211.30",12.15,2,10.14,17.3,,998.9,9.16
300,Hinduja Global Solutions,"3,733.76",11.54,"3,710.99",11.74,179.55,77.98,"2,031.11",-1.26,990.69,-15.92,0,,"2,456.80",9.92
301,Cyient,"3,702.30",15.17,"3,585.80",15.89,343.8,5.62,"2,439.30",11.27,"2,117.30",15.67,61.9,,"2,050.90",13.02
302,IFCI,"3,681.29",-20.55,"3,582.44",-19.77,-377.53,0,"32,228.19",-13.53,"6,086.74",-6.22,0.26,,252.46,8.83
303,City Union Bank,"3,657.74",9.05,"3,173.79",7.8,502.77,13.06,"34,216.93",10.83,"3,570.20",16.98,0,,298.14,39.86
304,Mahanagar Telephone Nigam,"3,655.38",-3.59,"2,969.37",-7.87,"-2,936.05",0,"15,265.17",-7.62,"-3,373.85",0,0,,"2,813.95",-0.86
305,Compuage Infocom,"3,651.06",15.44,"3,551.33",14.29,17.63,18.24,445.43,12.83,115.64,14.65,2.35,,32.85,26.64
306,Housing & Urban Development Corporation,"3,634.37",9.89,"3,536.04",8.14,842.24,7.59,"37,710.94",10.21,"9,167.25",8.66,100.01,,124.47,-11.38
307,GVK Power & Infrastructure,"3,632.83",0.13,"3,516.47",9.65,"-1,343.63",0,"18,816.41",-8.91,-296.84,0,0,,201.19,22.39
308,Shipping Corporation of India,"3,632.28",-14.39,"3,446.87",-14.89,175.62,-77.53,"12,507.14",-1.74,"6,928.73",2.84,0,,455.07,-6.17
309,Coffee Day Enterprises,"3,630.95",12.34,"3,499.96",14.23,46.2,0,"7,452.99",13.07,"2,227.66",2.86,0,,391.14,13.9
310,Great Eastern Shipping Company,"3,629.13",-7.57,"3,116.86",-18.14,754.96,-31.18,"14,105.90",13.87,"7,223.33",10.05,0,,596.77,0.74
311,Uttam Value Steels,"3,614.18",5.73,"3,511.63",-6.18,-510.82,0,"2,906.68",8.16,-665.57,0,0,,67.87,-7.68
312,Firstsource Solutions,"3,558.81",10.29,"3,555.61",10.52,280,7.49,"2,980.39",10.54,"2,028.01",14.12,0,,"2,383.44",9.7
313,Sanwaria Consumer,"3,539.42",30.95,"3,512.44",30.32,43.97,180.42,"1,325.37",8.55,374.66,12.34,1.84,,3.59,-6.99
314,Hexaware Technologies,"3,538.74",12.97,"3,534.90",13.17,417.11,6.08,"1,758.55",19.75,"1,711.11",19.39,166.06,,"1,995.19",12.52
315,LT Foods,"3,533.73",19.74,"3,286.55",10.53,117.43,62.85,"2,315.64",6.72,656.23,22.26,0,,112.15,29.85
316,Minda Industries,"3,526.67",37.54,"3,505.03",38.68,168.08,51.23,"1,775.41",74.63,"1,027.35",119.42,9.52,,462.02,41.58
317,Saraswat Co-operative Bank,"3,498.61",7.42,"3,065.87",6.8,234.05,10.82,"38,283.16",7.39,"3,015.40",13.75,21.39,,304.45,-12.23
318,BGR Energy Systems,"3,491.72",8.12,"3,440.89",6.09,77.2,340.39,"3,539.02",-17.62,"1,267.37",6.54,0,,199.6,1.19
319,Castrol India,"3,472.58",2.77,"3,370.33",2.19,674.91,9.7,609.84,3.27,595.75,3.5,544.01,,172.56,-2.28
320,Gujarat Ambuja Exports,"3,442.56",25.36,"3,330.81",21.72,158.55,52.97,"1,501.47",20.19,853.1,-6.91,0,,73.59,7.9
321,KRBL,"3,418.69",-3.16,"3,149.03",-6.36,399.4,36.25,"3,003.14",12.46,"1,907.32",27.3,0,,71.54,13.52
322,Manappuram Finance,"3,408.91",43.76,"3,405.53",43.78,755.85,113.9,"14,496.52",15.56,"3,361.80",21.89,126.26,,502.58,16.85
323,Nagarjuna Fertilizers & Chemicals,"3,398.47",-16.33,"3,385.07",-14.9,-121.79,0,"2,914.99",-4.81,"1,092.38",-10.01,0,,154.54,4.4
324,LEEL Electricals,"3,387.82",23.6,"3,321.73",22.34,69.99,66.88,"2,068.69",20.12,900.18,15.32,0,,178.78,20.36
325,KPIT Technologies,"3,377.19",3.71,"3,320.04",2.97,238.51,-15.09,"2,041.47",20.49,"1,582.46",14.22,0,,"2,090.53",8.12
326,Polyplex Corporation,"3,351.41",6.18,"3,207.67",0.18,221.44,662.53,"4,024.71",-5.48,"2,379.89",2.53,9.6,,293.44,-0.58
327,Lakshmi Vilas Bank,"3,349.43",16.59,"2,846.66",10.84,256.07,42.07,"34,462.83",23.44,"1,966.85",23.56,0,,334.71,21.56
328,Tamil Nadu Newsprint & Papers,"3,349.05",24.87,"3,198.98",18.27,264.56,1.83,"4,633.31",7.83,"1,704.65",12.92,0,,246.85,32.19
329,Gokul Agro Resources,"3,334.08",23.67,"3,298.83",23.68,20.68,119.77,499.04,21.07,206.46,10.79,0,,16.58,-2.36
330,Sundram Fasteners,"3,321.79",-3.63,"3,290.00",1.08,338.37,168.46,"1,957.57",24.47,"1,236.13",29.63,0,,377,-17.62
331,Patel Engineering,"3,295.91",-21.4,"2,925.55",-26.69,41.83,0,"7,490.78",2.16,0,0,0,,128.88,-7.21
332,Forbes & Company,"3,243.49",-2.96,"3,023.46",-6.42,85.01,0,"1,812.17",8.12,314.46,43.6,0,,679.53,4.97
333,Ipca Laboratories,"3,238.73",11.57,"3,210.64",10.46,194.54,108.87,"3,197.12",1.55,"2,455.26",8.68,0,,695.98,11.25
334,Rolta India,"3,223.56",-16.01,"3,179.88",-16.31,166.74,-9.28,"8,866.96",6.24,"2,584.63",12.03,0,,703.96,-11.18
335,DBS Bank,"3,200.60",34.94,"2,577.93",23.24,12.8,49.53,"37,388.98",-5.06,"4,616.50",4.5,0,,349.6,13.64
336,Aarti Industries,"3,197.04",7.89,"3,161.73",5.16,315.78,22.93,"2,990.62",20.53,"1,361.94",19.81,1.81,,152.28,26.16
337,Alembic Pharmaceuticals,"3,181.15",-2.69,"3,134.61",-0.99,403.17,-44.01,"2,051.24",17.06,"1,901.10",19.02,0,,558.83,18.18
338,Surya Roshni,"3,146.22",6.08,"3,145.46",6.12,66.22,4.94,"1,967.37",3.12,0,0,1.5,,199.64,7.53
339,Rane Holdings,"3,135.82",26.59,"2,970.93",23.42,136.82,108.76,"1,525.88",10.4,722,22.22,5,,441.11,22.3
340,SJVN,"3,127.00",2.91,"2,471.10",-1.01,"1,547.18",9.67,"14,778.54",-0.83,"11,488.55",1.65,930.74,,253.56,17.64
341,Minda Corporation,"3,115.22",25.04,"2,962.04",21.12,96.08,-10.43,"1,346.56",12.36,630.97,15.23,4.19,,497.11,19.36
342,ITD Cementation India,"3,114.82",0.7,"3,089.60",0.61,48.11,0,"1,022.73",-8.35,550.72,8.36,4.65,,253.8,14.11
343,Triveni Engineering and Industries,"3,113.87",48.38,"2,824.55",47.5,252.96,0,"2,597.97",10.07,835.38,42.29,0,,187.85,18.31
344,Va Tech Wabag,"3,105.11",21.87,"3,207.91",27.89,102.4,15.41,"1,527.27",2.76,824.06,-16.91,0,,243.97,15.45
345,Ashoka Buildcon,"3,097.63",6.59,"2,975.26",5.32,-9.96,0,"9,723.62",0.25,"1,671.65",-2.5,14.97,,118.2,23.27
346,Dhunseri Investments,"3,085.17",0,"2,507.88",0,362.59,0,"2,155.50",0,642.78,0,0,,22.94,0
347,Force Motors,"3,083.47",-2.47,"3,069.37",1.47,180.09,0.67,"1,900.81",24.01,"1,667.58",11.95,0,,350.08,15.04
348,Finolex Industries,"3,079.05",6.78,"2,987.64",5.08,354.85,37.66,"2,481.80",32.97,"2,314.78",45.54,0,,104.89,13.39
349,RSWM,"3,077.70",3.7,"2,986.63",1.82,104.1,-7.23,"2,192.24",7.59,708.33,13.5,0,,348.63,10.09
350,Zensar Technologies,"3,066.47",1.91,"3,060.38",3.68,234.87,-18.88,"1,683.33",14.75,"1,470.49",16.23,22.42,,"1,580.07",8.42
351,Team Lease Services,"3,064.26",21.58,"3,041.87",21.44,66.34,167.5,424.65,16.61,381.13,22.32,0,,"2,937.69",20.44
352,Dish TV India,"3,062.42",-2.05,"3,014.39",-1.49,109.28,-84.22,"1,756.46",3.76,273.07,-28.27,0,,143.99,17.19
353,Abbott India,"3,061.64",15.52,"2,902.56",11.02,276.65,8.38,"1,434.17",16.2,"1,386.94",16,0,,345.27,1.23
354,Glaxosmithkline Pharma,"3,037.86",-2.68,"2,999.99",5.71,336.81,-10.46,"2,284.21",-7.76,"2,006.85",-8.08,423.52,,483.01,8.94
355,JK Lakshmi Cement,"3,036.89",11.41,"2,921.56",10.86,85.76,"6,300.00","4,228.92",14.11,"1,400.97",6.13,0,,212.07,7.33
356,Sobha,"3,024.62",15.82,"2,229.05",14.71,160.75,16.43,"4,882.72",2.36,"2,644.48",3.11,0,,177.94,1
357,Supreme Petrochem,"3,014.79",10.66,"2,918.62",5.85,179.41,135.85,587.41,40.32,582.1,40.36,11.62,,35.31,0.89
358,Gokul Refoils and Solvent,"2,984.77",0.38,"2,282.41",-23.73,6.15,-44.84,446.32,9.56,277.12,0.04,0,,18.42,18.53
359,Mukand,"2,981.48",-2.01,"2,873.26",-2.68,-29.91,0,"3,339.79",-31.38,173.64,-15,0,,173.36,0.26
360,Janalakshmi Financial Services,"2,978.44",66.9,"2,820.27",72.78,170.11,6.13,"15,052.82",31.8,"2,396.69",95.1,21.35,,486.69,76.66
361,Bayer CropScience,"2,977.40",3.3,"2,802.80",1.22,291,-7.65,"2,140.30",11.8,"2,056.70",11.81,0,,245.1,11.06
362,Persistent Systems,"2,974.29",24.47,"2,878.44",24.48,301.47,8.72,"1,918.57",14.64,"1,899.26",14.57,48,,"1,800.82",28.01
363,JK Paper,"2,920.64",5.9,"2,881.15",4,171.82,207.21,"3,074.48",1.08,"1,321.52",48.99,0,,218.15,20.78
364,Akzo Nobel India,"2,901.70",7.43,"2,824.90",7,247,15.31,"1,090.50",-11.54,"1,008.40",-13.2,0,,262.5,11.23
365,Atul,"2,880.11",8.51,"2,833.94",9.22,322.97,17.79,"2,202.75",10.92,"1,965.94",21.75,37.02,,200.14,4.83
366,KPR Mill,"2,866.51",8.66,"2,816.60",8.31,286.82,36.12,"2,145.06",5.08,"1,285.96",16.84,0,,278.3,27.85
367,GHCL,"2,846.72",10.68,"2,810.54",11.06,380.05,47.45,"2,815.94",17.02,"1,346.52",29.98,0,,158.49,18.61
368,NIIT Technologies,"2,829.10",4.7,"2,802.10",4.25,250.1,-7.37,"1,971.20",3.76,"1,686.50",7.24,0,,"1,651.30",7.1
369,Sun TV Network,"2,828.27",-1.83,"2,645.72",6.96,"1,030.26",11.76,"4,045.44",15.87,"4,028.46",15.96,394.07,,116.48,9.07
370,Dhampur Sugar Mills,"2,806.85",22.85,"2,583.67",15.7,236.7,814.61,"2,887.00",20.85,644.7,60.94,39.84,,128.91,52.77
371,Capital First,"2,800.87",48.29,"2,800.29",48.27,238.92,43.76,"16,611.19",20.05,"2,303.84",35.24,0,,239.39,35.39
372,National Stock Exchange Of India,"2,792.50",13.96,"2,663.29",14.41,"1,218.82",93.22,"9,218.68",7.49,7,4.98,686.25,,240.18,10.18
373,JP Morgan Chase Bank,"2,787.99",5.86,"1,794.86",-2.82,952.29,35.44,"26,162.92",-6.64,"7,444.43",5.87,0,,170.26,12.23
374,SKF India,"2,786.05",10.91,"2,631.41",9.7,243.89,19.14,"1,874.56",6.69,"1,811.21",8.81,79.1,,222.18,9.31
375,Avanti Feeds,"2,783.91",35.55,"2,732.66",35.39,214.35,36.1,763.48,74.48,640.46,51.48,31.79,,73.35,26.29
376,TTML,"2,777.48",-7.57,"2,702.91",-9.06,"-2,356.47",0,"10,314.89",29.72,"-5,908.84",0,0,,125.9,5
377,Kirloskar Oil Engines,"2,770.10",8.38,"2,673.61",8.53,173.89,5.12,"1,684.31",12.81,"1,617.17",12.01,0,,202.34,3.21
378,Time Technoplast,"2,767.21",14.41,"2,754.61",13.7,147.1,6.49,"2,087.03",4.85,"1,317.54",13.76,12.04,,133.15,12.75
379,KEI Industries,"2,723.75",17.85,"2,670.59",13.59,98.3,57.15,"1,191.64",37.1,473.47,29.02,0,,110.95,33.93
380,Finolex Cables,"2,723.25",9.01,"2,444.84",3.58,400.25,21.77,"2,147.83",17.21,"2,056.51",21.25,0,,119.19,11.16
381,Kirloskar Brothers,"2,722.95",0.42,"2,656.82",0.56,3.83,0,"1,388.71",-5.02,898.07,-2.64,0,,468.6,8.86
382,Amtek Auto,"2,719.29",-32.14,"1,966.76",-35.07,"-2,533.46",0,"14,403.79",-26.84,0,0,0,,132.34,0.92
383,Blue Dart Express,"2,715.66",4.54,"2,689.50",4.94,139.84,-28.95,961.45,9.32,429.48,12.46,0,,554.85,5.63
384,Bilcare,"2,693.36",-9.98,"2,632.92",1.15,-84.54,0,"2,873.02",-5.35,613.56,-13.92,0,,527.43,3.32
385,HT Media,"2,681.65",0.9,"2,452.09",-1.98,170.25,-1.86,"3,677.95",7.36,"2,231.89",7.21,0,,583.53,6.35
386,BEML,"2,680.99",-3.28,"2,494.22",-16.15,84.76,31.66,"3,137.40",-2.65,"2,182.37",2.49,0,,785.11,3.37
387,BNP Paribas,"2,680.08",11.61,"2,334.29",19.19,354.98,4.29,"32,764.19",13.33,"5,098.02",31.13,0,,177.65,-0.59
388,IVRCL,"2,670.02",-12.76,"2,589.20",-13.31,-576.89,0,"10,642.75",-0.68,-790.19,0,0,,159.87,-13.49
389,Heritage Foods,"2,628.87",8.85,"2,642.89",11.02,66.82,20.55,475.46,24.49,300.68,25.34,0,,164.73,17.67
390,Jayaswal Neco Industries,"2,626.44",1.44,"2,516.42",-4.41,-459.31,0,"5,826.48",-6.55,"1,637.27",-22.79,0,,174.33,32.19
391,Asian Star Company,"2,607.16",25.67,"2,455.54",10.92,66.13,-11.02,"1,891.10",-4.44,839.99,7.27,2.41,,65.25,35.15
392,Jubilant Foodworks,"2,598.66",6.08,"2,583.39",5.96,57.77,-40.38,805.66,5.71,805.3,5.68,0,,594.75,3.16
393,Indiabulls Real Estate,"2,582.78",-19.21,"2,320.34",-21.6,396.89,34.06,"15,090.60",6.38,"4,042.99",1.25,0,,116.09,1.5
394,Lakshmi Machine Works,"2,578.86",-13.22,"2,499.21",-12.71,186.41,-18,"1,658.62",1.39,"1,558.41",1.56,45.07,,256.37,1.07
395,Sterlite Technologies,"2,575.54",18.88,"2,448.85",14.22,201.38,31.01,"2,167.24",8.32,880.07,16.62,19.9,,290.3,41.54
396,Sunil Hitech Engineers,"2,573.82",26.17,"2,559.61",26.63,39.46,-26.1,"1,327.39",14.39,519.13,11.37,0,,54.05,-23.54
397,Magma Fincorp,"2,561.76",-4.55,"2,518.33",-5.18,20.45,-90.33,"12,507.53",-13.15,"2,172.13",0.97,0,,293.32,-7.53
398,Sonata Software,"2,559.17",28.56,"2,521.13",29.92,153.72,-3.07,657.45,-0.87,584.59,24.12,36.81,,455.53,11.16
399,Puravankara,"2,555.92",37.63,"1,407.12",-11.17,127.11,53.42,"4,472.05",0.04,"2,388.22",4.59,0,,100.73,-9.28
400,Kajaria Ceramics,"2,552.36",2.52,"2,549.63",5.64,252.84,9.3,"1,474.61",9.13,"1,175.12",20.91,0,,288.71,14.44
401,Bata India,"2,548.53",0.1,"2,474.26",2.13,158.95,-26.88,"1,428.30",7.89,"1,324.32",8.47,0,,294.86,12.76
402,Emami,"2,539.79",4.89,"2,493.04",5.71,340.01,-6.35,"2,265.88",-2.33,"1,754.70",8.88,39.72,,233.55,12.39
403,India Glycols,"2,522.81",6.28,"2,499.57",7.54,35.04,0,"2,412.35",-8.12,752.33,4.76,0,,96.04,8.68
404,Garden Silk Mills,"2,521.70",6.45,"2,447.87",2.58,-102.08,0,"1,427.94",-8.22,-127.02,0,0,,124.34,6.26
405,Venkys (India),"2,521.37",16.34,"2,475.58",16.39,124.74,226.29,"1,085.53",-7.39,531.04,26.75,7.04,,145.87,13.57
406,Mangalore Chemicals & Fertilizers,"2,504.41",-12.76,"2,487.47",-16.22,19.41,0,"1,663.49",-8.64,363.32,5.77,0,,68.73,1.1
407,Mcnally Bharat Engineering Company,"2,483.87",-9.69,"2,171.79",-19.37,-56.94,0,"3,248.77",52.26,15.35,-103.75,0,,136.39,-9.26
408,Dixon Technologies (India),"2,483.78",75.04,"2,456.75",76.82,50.38,18.35,248.77,21.46,197.74,61.01,6.59,,64.01,16.47
409,Sanofi India,"2,474.60",12.07,"2,368.60",8,297,-7.62,"1,775.60",6.5,"1,735.30",6.67,156.7,,359.2,7.77
410,Indo Rama Synthetics (India),"2,472.85",-4.67,"2,468.04",-2.67,-81.43,0,829.88,-11.89,501.7,-16.61,0,,104.53,-1.14
411,AIA Engineering,"2,455.64",13.8,"2,246.01",7.03,456.77,-0.02,"2,873.32",13.82,"2,717.25",16.99,37.73,,106.71,4.18
412,Lycos Internet,"2,452.00",8.69,"2,452.00",8.69,429.25,7.44,"2,496.60",17.64,"2,408.55",18.53,0,,145.42,6.43
413,P&G Hygiene and Health Care,"2,448.81",3.16,"2,320.40",1.98,432.73,2.42,530.29,-67.97,"1,651.78",34.44,"1,175.08",,114.1,-2.77
414,Honeywell Automation India,"2,442.05",10.68,"2,410.07",10.17,169.45,20.02,"1,193.72",15.28,"1,180.28",15.49,0,,413.93,15.31
415,Asahi India Glass,"2,437.11",10.21,"2,374.56",7.5,131.33,51.04,"1,887.29",0.64,460.92,30.19,24.31,,239.36,18.16
416,SPML Infra,"2,401.68",14.83,"2,219.61",9.05,7.34,0,"2,286.52",16.9,457.48,-2.29,0,,85.15,10.93
417,Infinite Computer Solutions India,"2,378.26",11.97,"2,366.28",12.24,120.88,-0.12,"1,009.15",2.38,867.51,-4.83,0,,"2,021.70",15.33
418,Electrotherm (India),"2,375.35",15.99,"2,328.65",10.85,-81.44,0,"1,819.09",-6.47,"-1,269.47",0,0,,129.59,15.92
419,Essel Propack,"2,366.52",9.21,"2,302.29",8.22,190.32,11.89,"1,866.36",9.68,"1,038.99",7.69,0,,405.8,8.39
420,JM Financial,"2,359.26",40.04,"2,304.77",41.48,470.2,17.41,"15,340.68",48.52,"3,332.70",14.55,51.59,,305.81,15.88
421,Himachal Futuristic Communications,"2,355.65",-21.29,"2,377.56",-17.23,122.93,-20.99,"1,523.13",9.02,965.63,14.94,0,,152.49,-4.37
422,PI Industries,"2,354.24",9.41,"2,276.83",8.61,459.44,47.47,"1,786.93",32.28,"1,627.18",38.97,20.64,,222.62,15.3
423,Godfrey Phillips India,"2,334.21",-1.33,"2,281.46",-2.11,137.23,-19.12,"1,838.15",1.56,"1,660.45",5.37,0,,264.17,0
424,MBL Infrastructures,"2,331.99",-1.31,"2,281.32",-2.62,-65.8,0,"2,570.71",17.41,0,0,0,,36.17,-23.53
425,Redington India,"2,331.55",10.8,"2,683.75",132.05,464.22,9.61,"5,094.42",-11.06,"3,147.90",6.73,79.97,,627.25,16.2
426,Shankara Building Products,"2,328.42",13.38,"2,310.14",13.47,60.27,47.97,618.17,20.15,393.69,35.24,0,,49.4,19.64
427,DCB Bank,"2,325.60",21.19,"2,076.15",22.24,199.68,2.65,"22,769.90",27.45,"1,948.38",11.85,0,,308.03,25.68
428,Jagran Prakashan,"2,324.18",6.95,"2,282.95",9.8,349.32,-0.43,"2,716.67",19.65,"2,154.93",32.13,0,,373.99,15.9
429,Sutlej Textiles and Industries,"2,312.69",9.93,"2,249.62",8.47,157.94,10.09,"1,872.65",24.68,815.97,19.41,0,,265.67,20.84
430,Himatsingka Seide,"2,301.98",19.82,"2,138.41",13.17,182.1,45.38,"2,542.40",31.92,"1,066.72",8.48,0,,204.84,9.6
431,Bombay Dyeing & Mfg Co,"2,286.73",11.67,"1,714.07",-7.32,57.41,0,"3,942.86",2.87,342.72,8.45,14.46,,93.07,-8.92
432,Prime Focus,"2,278.85",19.66,"2,153.62",16.81,127.44,0,"2,424.94",-2.04,556.48,36.34,0,,"1,241.99",8.28
433,DB Corp,"2,278.17",10,"2,258.01",10.18,374.76,28.31,"1,723.88",9.15,"1,594.40",14.09,73.55,,428.59,9.64
434,Mercator,"2,271.62",-16.66,"2,115.39",-21.85,28.81,0,"2,935.64",-18.57,991.92,11.89,0,,36.42,-44.44
435,Page Industries,"2,250.89",19.53,"2,130.13",18.63,266.28,15.01,765.03,20.96,665.78,25.65,80.31,,375.62,20.13
436,PNC Infratech,"2,247.39",-20.15,"2,252.33",-20.6,118.28,-43.31,"4,713.12",7.86,"1,461.03",7.6,16.11,,118.96,24.89
437,Indo Count Industries,"2,231.90",3.44,"2,152.82",4.37,232.24,-7.62,"1,167.59",11.27,846.18,34.23,7.9,,106.76,19.15
438,Cochin Shipyard,"2,222.46",5.16,"2,059.49",3.49,312.18,7,"2,178.05",10.63,"2,031.02",11.34,86.66,,216.67,3.63
439,V-Guard Industries,"2,219.04",22.84,"2,150.63",15.48,151.8,35.92,664.49,33.24,637.11,35.33,0,,137.51,24.07
440,IFB Industries,"2,217.79",19.81,"2,190.65",18.13,49.09,56.54,546.08,15.89,465.69,11.78,0,,167.08,7.41
441,Pfizer,"2,213.62",7.6,"1,966.26",-2.29,336.78,10.43,"2,466.11",12.02,"2,418.88",11.8,0,,303.89,9.57
442,BS,"2,211.25",-48.62,"2,205.53",-48.64,-389.66,0,"1,743.43",20.87,0,0,0,,16,-10.61
443,Future Consumer,"2,207.08",27,"2,115.84",24.31,-61.01,0,"1,426.72",22.95,888.5,60.24,0,,98.06,0.14
444,Electrosteel Castings,"2,203.41",-2.13,"2,119.75",-3.83,165.25,0,"4,900.82",1.22,"2,636.40",5.85,21.48,,237.48,3.66
445,Huhtamaki PPL,"2,200.75",6.27,"2,177.78",6.89,85.15,10.69,918.81,-24.27,471.08,-23.52,23.06,,192.51,8.74
446,Prakash Industries,"2,187.34",6.59,"2,173.50",5.85,81,246.45,"3,185.34",5.55,"2,220.96",3.91,0,,154.88,7.65
447,PVR,"2,181.68",14.04,"2,119.43",14.59,95.79,-2.36,"1,832.19",15.37,965.01,9.51,0,,220.51,18.59
448,GE Power India,"2,177.99",18.68,"1,993.48",16.54,-2.46,0,907.78,-1.04,827.39,0.24,0,,486.75,-11.25
449,Wheels India,"2,170.50",7.57,"2,172.87",9.34,60.26,46.51,841.96,4.44,467.32,12.83,6.02,,252.34,8.85
450,Nahar Spinning Mills,"2,168.94",6.17,"2,132.12",5.08,45.97,-9.63,"1,594.70",-12.69,856.27,5.61,0,,196.85,0.06
451,Barclays Bank,"2,162.00",4.66,"1,609.40",-14.55,521.69,9.46,"8,326.10",-4.24,"6,640.52",8.53,0,,248.61,-0.96
452,Carborundum Universal,"2,154.62",8.38,"2,112.49",8.67,174.87,21.35,"1,611.95",1.97,"1,380.42",16.01,18.86,,271.51,8.53
453,ITI,"2,151.00",16.39,"1,591.87",27.19,304.88,21.37,"3,044.42",24.65,"-1,166.07",0,0,,262.14,-16.82
454,WABCO India,"2,141.23",12.74,"2,067.49",12.83,213.48,4.97,"1,283.03",18.69,"1,266.42",18.6,0,,191.11,9.27
455,Essar Shipping,"2,125.37",10.79,"2,187.80",27.64,-583.45,0,"4,609.09",-34.1,0,0,0,,212.66,55.57
456,Gujarat Alkalies & Chemicals,"2,119.24",3.71,"2,070.21",3.75,307.3,39.94,"3,789.57",15.06,"3,355.70",14.61,33.05,,169.76,4.73
457,The Fertilizers & Chemicals Travancore,"2,102.32",28.26,"1,935.53",8.97,-199.44,0,"1,062.15",56.82,"-1,511.60",0,0,,220,-12.32
458,Polaris Consulting & Services,"2,099.98",1.43,"2,079.74",1.38,161.44,58.12,"1,091.30",16.81,"1,091.30",16.81,0,,"1,384.44",-3.47
459,Siyaram Silk Mills,"2,098.96",-3.13,"2,078.74",-0.03,91.01,7.21,958.35,-0.21,596.6,17.51,0,,168.6,14.55
460,IL&FS Engineering & Construction,"2,095.68",-7.58,"1,906.40",-10.56,-25.96,0,"2,929.09",21.11,-83.65,0,0,,105.49,-25.09
461,HSIL,"2,089.21",2.91,"2,078.17",5.02,100.29,-7.56,"2,424.84",19.06,"1,446.53",4.33,0,,286.59,14.37
462,Mahanagar Gas,"2,086.59",-1.83,"2,033.97",-2.13,393.43,26.55,"1,856.94",6.41,"1,840.04",6.46,233.98,,80.87,7.67
463,Avadh Sugar & Energy,"2,078.13",0,"1,873.00",0,209.58,0,"1,661.82",0,327.02,0,0,,78.77,0
464,Ramky Infrastructure,"2,069.90",-11.19,"1,718.60",-16.09,-6.04,0,"3,586.52",-4.13,349.96,-1.67,0,,47.82,-1.24
465,Nilkamal,"2,061.52",5.63,"2,023.96",5.06,122.53,7.43,888.5,12.98,737.74,18.35,5.97,,154.57,7.83
466,Mcleod Russel India,"2,058.83",2.47,"1,870.82",-2.88,58.57,109.1,"2,969.94",4.76,"1,613.48",0.98,0,,839.77,11.88
467,Natco Pharma,"2,052.90",86.59,"2,020.20",93.82,486,209.36,"1,897.70",33.03,"1,649.30",27.29,0,,243.2,35.26
468,Sintex Industries,"2,043.59",101.05,"1,921.32",104.21,134.25,-78.64,"8,131.36",-32.05,"3,912.86",-29.54,0,,95.92,57.48
469,AU Small Finance Bank,"2,041.82",68.18,"1,440.78",19.15,761.87,209.02,"9,186.28",23.73,"1,987.59",86.36,0,,185.13,0.4
470,Ajanta Pharma,"2,036.12",11.89,"2,001.64",14.42,506.83,21.95,"1,577.73",23.72,"1,567.68",31.64,0,,295.42,15.11
471,Responsive Industries,"2,032.10",-10.58,"2,008.15",-10.72,30.05,64.84,"1,440.53",-1.83,911.65,3.42,0,,12.2,4.54
472,Trent,"2,030.44",14.23,"1,949.03",15.59,84.86,54.01,"1,957.77",3.76,"1,547.69",5.69,0,,192.53,17.52
473,Hindusthan National Glass & Industries,"2,026.95",-10.73,"1,860.60",-17.48,-114.39,0,"2,993.30",-11.86,398.02,-22.87,0,,211.15,-4.68
474,TVS Srichakra,"2,019.25",-9.05,"1,960.52",-10.26,147.62,-20.69,971.26,49.49,561.09,36.15,0,,206.84,-4.18
475,Orient Cement,"2,013.31",27.29,"2,010.12",27.85,-32.1,0,"2,375.09",-0.2,987.18,-5.09,0,,121.29,35.1
476,Brigade Enterprises,"2,009.71",-11.64,"2,024.14",-0.68,153.08,23.51,"4,611.36",8.87,"1,686.62",10.27,0,,143.32,14.45
477,Omaxe,"1,988.94",18.57,"1,626.75",17.39,102.09,33.02,"4,457.33",7.41,"2,118.62",4.34,0,,77.98,-0.9
478,MEP Infrastructure Developers,"1,973.56",-0.15,"1,729.07",-9.24,108.93,0,"3,675.71",-2.69,601.01,493.53,0,,73.35,-1.45
479,Laurus Labs,"1,972.99",9.18,"1,904.65",7.15,190.28,42.28,"2,244.44",17.65,"1,330.45",68.37,3.15,,227.58,29.7
480,Transport Corporation of India,"1,970.17",14.19,"1,942.54",12.48,80.69,-7.49,"1,074.14",15.12,646.57,12.45,0,,106.78,9.01
481,Orient Paper & Industries,"1,958.30",4.13,"1,914.72",2.45,50.59,140.68,950.9,5.58,507.34,24.28,0,,213.15,16.56
482,KKalpana Industries (India),"1,952.26",6.41,"1,943.97",4.64,25.71,125.72,638.65,5.2,271.19,12.18,0,,22.16,14.05
483,Schaeffler India,"1,941.27",8.2,"1,813.90",5.19,194.5,-1.51,"1,479.75",12.72,"1,450.66",12.69,19.94,,151.29,14.53
484,Phillips Carbon Black,"1,930.31",2.95,"1,926.95",1.73,68.69,331.47,"1,899.68",-8.58,"1,130.70",8.22,0,,81.97,12.61
485,Johnson Controls-Hitachi Air Conditioning India,"1,928.72",13.2,"1,971.59",20.18,81.04,62.14,536.1,-3.21,438.99,22.64,0,,122.52,10.4
486,Housing Development & Infrastructure,"1,919.82",10.12,723.77,-38.12,178.99,-45.67,"14,012.73",-0.25,"11,476.00",3,0,,38.87,-10.02
487,Ballarpur Industries,"1,919.79",-55.94,"2,053.89",-51.5,"-1,361.79",0,"11,224.91",-6.72,"1,193.02",-58.17,0,,306.2,2.21
488,Motilal Oswal Financial Services,"1,910.18",76.76,"1,807.76",67.43,359.97,112.9,"6,915.53",70.25,669.18,-53.42,35.88,,340.98,35.85
489,Phoenix Mills,"1,907.87",-2.57,"1,824.61",2.53,167.92,30.24,"6,439.83",-4.13,"2,187.18",7.89,0,,140.26,12.73
490,Linde India,"1,904.33",19.26,"1,878.49",19.91,15.55,-33.72,"3,212.59",4.17,"1,439.53",3.46,4.26,,102.03,10.39
491,Astral Poly Technik,"1,898.04",11.37,"1,888.84",12.58,144.68,43.32,"1,087.57",18.27,845.64,19.58,0,,88.66,18.21
492,Parag Milk Foods,"1,896.93",11,"1,730.74",5.2,17.13,-63.8,937.89,21.94,657.42,81.67,0,,79.45,18.35
493,Narayana Hrudayalaya,"1,890.69",17.78,"1,878.16",16.38,83.05,291.19,"1,336.34",3.72,963.08,9.94,0,,375.21,12.39
494,Century Plyboards (India),"1,854.31",11.88,"1,818.73",10.83,190.46,12.74,"1,346.02",32.9,708.62,33.42,0,,273.01,15.57
495,TTK Prestige,"1,839.99",14.48,"1,837.01",17.85,150.65,30.29,973.14,33.33,851.47,18.11,0,,140.09,22.98
496,Somany Ceramics,"1,820.26",5.93,"1,810.99",5.81,93.07,43.85,849.91,18.8,521.24,21.74,0,,157.64,27.96
497,Godawari Power & Ispat,"1,814.92",-7.67,"1,806.55",-8.91,-74.51,0,"3,072.91",5.53,696.93,-12.32,0,,77.02,-16.78
498,Indian Hume Pipe Company,"1,812.51",93.79,"1,799.54",91.66,98.78,239.45,685.57,5.8,399.61,30.31,4.84,,66.23,30.4
499,VRL Logistics,"1,812.39",4.69,"1,803.09",4.68,70.47,-32.4,745.08,-6,541.23,5.31,0,,266.08,10.46
500,Jai Balaji Industries,"1,810.06",45.5,"1,701.91",39.49,-237.93,-65.51,"2,533.40",-4.41,"-1,108.04",0,0,,57.6,6.96